{
    "AboutEnemy": {
        "修繕時間/s": 5.0,
        "同時出現数": 2,
        "施設の最大HP": 10,
        "最大出現数": 200,
        "砕け散るからだ": {
            "サイズ": 1.0,
            "マテリアル": {
                "UV": {
                    "スケール": [
                        1.0,
                        1.0,
                        1.0
                    ],
                    "回転": [
                        0.0,
                        0.0,
                        0.0
                    ],
                    "座標": [
                        0.0,
                        0.0,
                        0.0
                    ]
                },
                "ハーフランバート": 0,
                "ライティング": 0,
                "画像フラグ": 0,
                "統一色": [
                    0.9852941036224365,
                    0.2511533796787262,
                    0.2511533796787262,
                    1.0
                ]
            },
            "吹き飛び速度": 1.0,
            "死亡時間": 180,
            "跳ねたときの速度減少量": 0.4000000059604645
        }
    }
}
