{
    "Camera": {
        "あった時に追加で寄せる量": 0.0,
        "カメラの初期角度": [
            0.23999999463558197,
            0.0,
            0.0
        ],
        "メインカメラ座標": {
            "スケール": [
                1.0,
                1.0,
                1.0
            ],
            "回転": [
                -0.10999999940395355,
                0.0,
                0.0
            ],
            "座標": [
                0.0,
                0.0,
                -45.119998931884766
            ]
        },
        "座標のみの追従を行うか": true,
        "当たり判定処理フラグ": false,
        "描画距離": 1000.0,
        "最大角度X": 1.1699999570846558,
        "最小角度X": 0.10999999940395355,
        "追従点との距離": -45.119998931884766
    }
}
