{
    "Camera": {
        "あった時に追加で寄せる量": 0.0,
        "カメラの初期角度": [
            0.10000000149011612,
            0.0,
            0.0
        ],
        "メインカメラ座標": {
            "スケール": [
                1.0,
                1.0,
                1.0
            ],
            "回転": [
                -0.09000000357627869,
                0.0,
                0.0
            ],
            "座標": [
                0.0,
                0.0,
                -40.0
            ]
        },
        "座標のみの追従を行うか": true,
        "当たり判定処理フラグ": false,
        "描画距離": 1000.0,
        "最大角度X": 1.0,
        "最小角度X": 0.10000000149011612,
        "追従点との距離": -40.0
    }
}
