{
    "plane": {
        "モデル": {
            "Phong Reflection": 0,
            "UV": {
                "サイズ": [
                    500.0,
                    500.0,
                    1.0
                ],
                "回転": [
                    0.0,
                    0.0,
                    0.0
                ],
                "座標": [
                    0.0,
                    0.0,
                    0.0
                ]
            },
            "joint": false,
            "material color": [
                0.5784313678741455,
                1.0,
                0.9380045533180237,
                0.47843137383461
            ],
            "model": true,
            "shiness": 20.0,
            "アニメーション": {
                "アニメーション進行度": 0.0,
                "ループ": true,
                "ループ時間倍率": 1.0,
                "有効": false
            },
            "キキャク": 0.0,
            "テクスチャ": 1,
            "ディレクショナルライト": 0,
            "ハーフランバート": 0,
            "ポイントライト": 0,
            "光沢度": 0.0,
            "金属光沢": 0
        },
        "ワールド": {
            "スケール": [
                500.0,
                1.0,
                500.0
            ],
            "回転": [
                0.0,
                0.0,
                0.0
            ],
            "座標": [
                0.0,
                0.0,
                0.0
            ]
        }
    }
}
