{
    "カメラ": {
        "カメラの当たり判定処理": {
            "あった時に追加で寄せる量": 0.0,
            "当たり判定処理フラグ": false
        },
        "メインカメラ座標": {
            "スケール": [
                1.0,
                1.0,
                1.0
            ],
            "回転": [
                0.0,
                0.0,
                0.0
            ],
            "座標": [
                0.0,
                0.0,
                -50.04999923706055
            ]
        },
        "描画距離": 1000.0,
        "最大角度X": 1.2799999713897705,
        "最小角度X": 0.10000000149011612,
        "簡易追従システム": {
            "カメラの初期角度": [
                0.6000000238418579,
                0.0,
                0.0
            ],
            "座標のみの追従を行うか": true,
            "追従点との距離": -50.04999923706055
        }
    }
}
